Player,Tm,Pos,Age,G,GS,Tgt,Rec,PassingYds,PassingTD,PassingAtt,RushingYds,RushingTD,RushingAtt,ReceivingYds,ReceivingTD,FantasyPoints,Int,Fumbles,FumblesLost
David Johnson,ARI,RB,25,16,16,120,80,0,0,0,1239,16,293,879,4,407.8,0,5,3
Ezekiel Elliott,DAL,RB,21,15,15,39,32,0,0,0,1631,15,322,363,1,325.4,0,5,1
Aaron Rodgers,GNB,QB,33,16,16,0,0,4428,40,610,369,4,67,0,0,380.0,7,8,4
LeSean McCoy,BUF,RB,28,15,15,57,50,0,0,0,1267,13,234,356,1,298.3,0,3,0
Le'Veon Bell,PIT,RB,24,12,12,94,75,0,0,1,1268,7,261,616,2,317.4,0,4,1
DeMarco Murray,TEN,RB,28,16,16,67,53,10,1,2,1287,9,293,377,3,293.8,0,3,1
Devonta Freeman,ATL,RB,24,16,16,65,54,0,0,0,1079,11,227,462,2,284.1,0,1,1
LeGarrette Blount,NWE,RB,30,16,8,8,7,0,0,0,1161,18,299,38,0,232.9,0,2,1
Matt Ryan,ATL,QB,31,16,16,0,0,4944,38,534,117,0,35,0,0,347.5,7,4,2
Mike Evans,TAM,WR,23,16,16,173,96,0,0,0,0,0,0,1321,12,304.1,0,0,0
Jordy Nelson,GNB,WR,31,16,16,152,97,0,0,0,0,0,0,1257,14,304.7,0,1,1
Antonio Brown,PIT,WR,28,15,15,154,106,0,0,0,9,0,3,1284,12,307.3,0,0,0
Melvin Gordon,SDG,RB,23,13,11,57,41,0,0,0,997,10,254,419,2,250.6,0,2,2
Drew Brees,NOR,QB,37,16,16,0,0,5208,37,673,20,2,23,0,0,332.3,15,5,4
Odell Beckham Jr.,NYG,WR,24,16,16,169,101,0,0,0,9,0,1,1367,10,296.6,0,3,1
Jordan Howard,CHI,RB,22,15,13,50,29,0,0,0,1313,6,252,298,1,230.1,0,2,1
Mark Ingram,NOR,RB,27,16,14,58,46,0,0,0,1043,6,205,319,4,242.2,0,2,2
T.Y. Hilton,IND,WR,27,16,16,155,91,0,0,0,0,0,0,1448,6,273.8,0,0,0
Jay Ajayi,MIA,RB,23,15,12,35,27,0,0,0,1272,8,260,151,0,215.3,0,4,1
Travis Kelce,KAN,TE,27,16,15,117,85,0,0,0,-5,0,1,1125,4,223.0,0,0,0
Julio Jones,ATL,WR,27,14,14,129,83,0,0,0,0,0,0,1409,6,259.9,0,0,0
Andrew Luck,IND,QB,27,15,15,0,0,4240,31,545,341,2,64,0,0,307.7,13,6,5
Davante Adams,GNB,WR,24,16,15,121,75,0,0,0,0,0,0,997,12,246.7,0,2,1
Brandin Cooks,NOR,WR,23,16,12,117,78,0,0,0,30,0,6,1173,8,246.3,0,1,0
Greg Olsen,CAR,TE,31,16,16,129,80,0,0,0,0,0,0,1073,3,207.3,0,0,0
Kirk Cousins,WAS,QB,28,16,16,0,0,4917,25,606,96,4,34,0,0,300.3,12,9,3
Frank Gore,IND,RB,33,16,16,47,38,0,0,0,1025,4,263,277,4,214.2,0,2,1
Kyle Rudolph,MIN,TE,27,16,16,132,83,0,0,0,0,0,0,840,7,209.0,0,0,0
Latavius Murray,OAK,RB,26,14,12,43,33,0,0,0,788,12,195,264,0,208.2,0,2,1
Michael Thomas,NOR,WR,23,15,12,121,92,0,0,0,0,0,0,1137,9,255.7,0,2,2
Jimmy Graham,SEA,TE,30,16,15,95,65,0,0,0,0,0,1,923,6,189.3,0,2,2
Delanie Walker,TEN,TE,32,15,9,102,65,0,0,0,11,0,2,800,7,188.1,0,1,0
Doug Baldwin,SEA,WR,28,16,15,125,94,15,1,1,2,0,3,1128,7,253.6,0,1,0
Tyreek Hill,KAN,WR,22,16,1,83,61,0,0,0,267,3,24,593,6,217.0,0,4,1
Isaiah Crowell,CLE,RB,23,16,16,53,40,0,0,0,952,7,198,319,0,205.1,0,2,2
Carlos Hyde,SFO,RB,26,13,13,33,27,0,0,0,988,6,217,163,3,192.1,0,5,3
Cameron Brate,TAM,TE,25,15,10,81,57,0,0,0,0,0,0,660,8,171.0,0,1,0
Dak Prescott,DAL,QB,23,16,16,0,0,3667,23,459,282,6,57,0,0,286.9,4,9,4
Martellus Bennett,NWE,TE,29,16,12,73,55,0,0,0,10,0,2,701,7,168.1,0,0,0
Michael Crabtree,OAK,WR,29,16,16,145,89,0,0,0,0,0,0,1003,8,239.3,0,2,0
Spencer Ware,KAN,RB,25,14,14,42,33,0,0,0,921,3,214,447,2,193.8,0,4,3
Amari Cooper,OAK,WR,22,16,14,132,83,0,0,0,0,0,1,1153,5,232.3,0,2,0
Lamar Miller,HOU,RB,25,14,14,39,31,0,0,0,1073,5,268,188,1,191.1,0,2,1
Tevin Coleman,ATL,RB,23,13,0,40,31,0,0,0,520,8,118,421,3,191.1,0,1,0
Tyrell Williams,SDG,WR,24,16,12,119,69,0,0,0,0,0,0,1059,7,216.9,0,0,0
Rishard Matthews,TEN,WR,27,16,9,108,65,0,0,0,0,0,0,945,9,211.5,0,1,1
Matthew Stafford,DET,QB,28,16,16,1,0,4327,24,594,207,2,37,0,0,279.8,10,3,2
Jeremy Hill,CIN,RB,24,15,13,27,21,0,0,0,839,9,222,174,0,176.3,0,0,0
Zach Ertz,PHI,TE,26,14,12,106,78,0,0,0,0,0,0,816,4,183.6,0,0,0
Todd Gurley,LAR,RB,22,16,16,58,43,0,0,0,885,6,278,327,0,198.2,0,2,1
Matt Forte,NYJ,RB,31,14,13,43,30,0,0,0,813,7,218,263,1,183.6,0,1,1
Jordan Reed,WAS,TE,26,12,8,89,66,0,0,0,0,0,0,686,6,168.6,0,1,1
Jarvis Landry,MIA,WR,24,16,16,131,94,0,0,1,17,0,5,1136,4,231.3,0,2,2
Larry Fitzgerald,ARI,WR,33,16,16,150,107,0,0,1,5,0,2,1023,6,243.8,0,2,1
Tyrod Taylor,BUF,QB,27,15,15,0,0,3023,17,436,580,6,95,0,0,270.9,6,4,2
Terrelle Pryor,CLE,WR,27,16,15,140,77,41,0,9,21,1,8,1007,4,213.4,0,1,0
Demaryius Thomas,DEN,WR,29,16,16,144,90,0,0,0,0,0,0,1083,5,226.3,0,2,2
Blake Bortles,JAX,QB,24,16,16,1,1,3905,23,625,359,3,58,20,1,271.1,16,8,6
Kelvin Benjamin,CAR,WR,25,16,13,118,63,0,0,0,0,0,0,941,7,197.1,0,1,1
Derek Carr,OAK,QB,25,15,15,0,0,3937,28,560,70,0,39,0,0,268.5,6,5,3
Antonio Gates,SDG,TE,36,14,9,93,53,0,0,0,0,0,0,548,7,147.8,0,1,1
Russell Wilson,SEA,QB,28,16,16,2,2,4219,21,546,259,1,72,14,1,270.1,11,8,2
Emmanuel Sanders,DEN,WR,29,16,16,137,79,0,0,0,4,0,1,1032,5,212.6,0,1,0
Hunter Henry,SDG,TE,22,15,10,53,36,0,0,0,0,0,0,478,8,129.8,0,1,1
Julian Edelman,NWE,WR,30,16,13,159,98,0,0,0,57,0,12,1106,3,230.3,0,3,2
Golden Tate,DET,WR,28,16,16,135,91,0,0,0,4,0,10,1077,4,223.1,0,2,1
Mike Wallace,BAL,WR,30,16,16,116,72,0,0,0,31,0,5,1017,4,202.8,0,1,0
Jamison Crowder,WAS,WR,23,16,9,99,67,0,0,0,-2,0,2,847,7,197.5,0,2,1
Dez Bryant,DAL,WR,28,13,13,96,50,10,1,1,0,0,0,796,8,180.0,0,1,1
Bilal Powell,NYJ,RB,28,16,4,74,58,0,0,0,722,3,131,388,2,197.0,0,1,1
Kenny Britt,LAR,WR,28,15,15,111,68,0,0,0,0,0,0,1002,5,196.2,0,2,1
Jonathan Stewart,CAR,RB,29,13,13,21,8,0,0,0,824,9,218,60,0,146.4,0,3,2
Kenny Stills,MIA,WR,24,16,16,81,42,0,0,0,0,0,0,726,9,168.6,0,0,0
Allen Robinson,JAX,WR,23,16,16,151,73,0,0,0,0,0,0,883,6,199.3,0,1,0
Andy Dalton,CIN,QB,29,16,16,0,0,4206,18,563,184,4,46,0,0,260.6,8,9,3
Coby Fleener,NOR,TE,28,16,8,81,50,0,0,0,2,1,1,631,3,137.3,0,2,0
Adam Thielen,MIN,WR,26,16,10,92,69,0,0,0,15,0,2,967,5,195.2,0,2,1
Terrance West,BAL,RB,25,16,13,45,34,0,0,0,774,5,193,236,1,171.0,0,2,0
Marcus Mariota,TEN,QB,23,15,15,1,0,3426,26,451,349,2,60,0,0,259.9,9,10,5
Tom Brady,NWE,QB,39,12,12,0,0,3554,28,432,64,0,28,0,0,258.6,2,5,0
Philip Rivers,SDG,QB,35,16,16,0,0,4386,33,578,35,0,14,0,0,258.9,21,9,5
Jameis Winston,TAM,QB,22,16,16,0,0,4090,28,567,165,1,53,0,0,256.1,18,10,6
Cam Newton,CAR,QB,27,15,14,0,0,3509,19,510,359,5,90,0,0,254.3,14,3,2
Ben Roethlisberger,PIT,QB,34,14,14,0,0,3819,29,509,14,1,16,0,0,252.2,13,8,2
Carson Palmer,ARI,QB,37,15,15,0,0,4233,26,597,38,0,14,0,0,243.1,14,14,4
Joe Flacco,BAL,QB,31,16,16,0,0,4317,20,672,58,2,21,0,0,242.5,15,5,3
Eli Manning,NYG,QB,35,16,16,0,0,4027,26,598,-9,0,21,0,0,224.2,16,7,4
Alex Smith,KAN,QB,32,15,15,1,1,3502,15,489,134,5,48,3,0,224.8,8,7,4
Sam Bradford,MIN,QB,29,15,15,1,1,3877,20,552,53,0,20,5,0,221.9,5,10,5
Carson Wentz,PHI,QB,24,16,16,1,1,3782,16,607,150,2,46,7,0,214.0,14,14,3
Colin Kaepernick,SFO,QB,29,12,11,0,0,2241,16,331,468,2,69,0,0,200.4,4,9,3
Trevor Siemian,DEN,QB,25,14,14,0,0,3401,18,486,57,0,28,0,0,191.7,10,4,2
Ryan Tannehill,MIA,QB,28,13,13,0,0,2995,19,389,164,1,39,0,0,190.2,12,9,3
Brock Osweiler,HOU,QB,26,15,14,1,1,2957,15,510,131,2,30,-14,0,169.0,16,5,1
Ryan Fitzpatrick,NYJ,QB,34,14,11,0,0,2710,12,403,130,0,33,0,0,133.4,17,9,1
Ryan Mathews,PHI,RB,29,13,8,14,13,0,0,0,661,8,155,115,1,144.6,0,3,2
DeSean Jackson,WAS,WR,30,15,15,100,56,0,0,0,0,0,0,1005,4,180.5,0,0,0
Pierre Garcon,WAS,WR,30,16,16,114,79,0,0,0,0,0,0,1041,3,201.1,0,0,0
Brandon LaFell,CIN,WR,30,16,14,107,64,0,0,0,-2,0,1,862,6,186.0,0,0,0
Robert Kelley,WAS,RB,24,15,9,18,12,0,0,0,704,6,168,82,1,132.6,0,0,0
A.J. Green,CIN,WR,28,10,10,100,66,0,0,0,0,0,0,964,4,186.4,0,0,0
Willie Snead,NOR,WR,24,15,4,104,72,50,1,1,0,0,0,895,4,191.5,0,2,0
DeAndre Hopkins,HOU,WR,24,16,16,151,78,0,0,0,0,0,0,954,4,197.4,0,0,0
Sterling Shepard,NYG,WR,23,16,16,105,65,0,0,0,31,0,3,683,8,184.4,0,0,0
Mike Gillislee,BUF,RB,26,15,1,11,9,0,0,0,577,8,101,50,1,125.7,0,1,0
Marvin Jones,DET,WR,26,15,15,103,55,0,0,0,3,0,1,930,4,172.3,0,0,0
Marqise Lee,JAX,WR,25,16,6,105,63,20,1,1,35,0,6,851,3,178.4,0,1,1
Christine Michael,2TM,RB,26,15,7,29,22,0,0,0,583,7,148,107,1,137.0,0,2,1
Cole Beasley,DAL,WR,27,16,6,98,75,0,0,1,7,0,1,833,5,189.0,0,0,0
Steve Smith Sr.,BAL,WR,37,14,14,101,70,0,0,0,0,0,0,799,5,183.9,0,0,0
Cameron Meredith,CHI,WR,24,14,10,97,66,2,1,1,6,0,1,888,4,179.5,0,3,2
Devontae Booker,DEN,RB,24,16,6,45,31,0,0,0,612,4,174,265,1,142.7,0,4,3
Quincy Enunwa,NYJ,WR,24,16,13,105,58,0,0,0,12,0,1,857,4,168.9,0,0,0
Case Keenum,LAR,QB,28,10,9,0,0,2201,9,322,51,1,20,0,0,111.1,11,5,1
Darren Sproles,PHI,RB,33,15,5,71,52,0,0,0,438,2,94,427,2,162.5,0,1,0
Stefon Diggs,MIN,WR,23,13,11,112,84,0,0,0,10,0,3,903,3,193.3,0,0,0
Theo Riddick,DET,RB,25,10,8,67,53,0,0,0,357,1,92,371,5,161.8,0,0,0
Anquan Boldin,DET,WR,36,16,16,95,67,0,0,0,0,0,0,584,8,173.4,0,0,0
Taylor Gabriel,ATL,WR,25,13,3,50,35,0,0,0,51,1,4,579,6,140.0,0,0,0
Ted Ginn Jr.,CAR,WR,31,16,8,95,54,0,0,0,98,0,14,752,4,159.0,0,3,2
Tim Hightower,NOR,RB,30,16,1,26,22,0,0,0,548,4,133,200,1,126.8,0,0,0
Dontrelle Inman,SDG,WR,27,16,16,97,58,0,0,0,0,0,0,810,4,163.0,0,0,0
Jerick McKinnon,MIN,RB,24,15,7,53,43,0,0,1,539,2,159,255,2,148.4,0,0,0
JJ Nelson,ARI,WR,24,15,6,74,34,0,0,0,83,1,4,568,6,139.1,0,1,1
Rashad Jennings,NYG,RB,31,13,12,42,35,0,0,0,593,3,181,201,1,138.4,0,1,0
James White,NWE,RB,24,16,4,86,60,0,0,0,166,0,39,551,5,161.7,0,0,0
Chris Thompson,WAS,RB,26,16,0,62,49,0,0,0,356,3,68,349,2,147.5,0,2,1
Jordan Matthews,PHI,WR,24,14,13,117,73,0,0,0,0,0,0,804,3,171.4,0,1,0
DeVante Parker,MIA,WR,23,15,8,87,56,0,0,0,0,0,0,744,4,154.4,0,0,0
Brandon Marshall,NYJ,WR,32,15,15,128,59,0,0,0,0,0,0,788,3,155.8,0,0,0
Ty Montgomery,GNB,RB,23,15,6,56,44,0,0,0,457,3,77,348,0,140.5,0,2,1
Alshon Jeffery,CHI,WR,26,12,12,94,52,0,0,0,0,0,0,821,2,146.1,0,0,0
Derrick Henry,TEN,RB,22,15,2,15,13,0,0,0,490,5,110,137,0,105.7,0,0,0
Chris Hogan,NWE,WR,29,15,14,58,38,0,0,0,9,0,3,680,4,128.9,0,1,1
Duke Johnson,CLE,RB,23,16,1,74,53,0,0,1,358,1,73,514,0,144.2,0,2,1
Mohamed Sanu,ATL,WR,27,15,15,81,59,0,0,0,5,0,1,653,4,148.8,0,1,1
Tavon Austin,LAR,WR,26,15,15,106,58,0,0,0,159,1,28,509,3,146.8,0,5,1
Randall Cobb,GNB,WR,26,13,10,84,60,0,0,0,33,0,10,610,4,148.3,0,1,0
T.J. Yeldon,JAX,RB,23,15,13,68,50,0,0,0,465,1,130,312,1,137.7,0,2,1
C.J. Anderson,DEN,RB,25,7,7,24,16,0,0,0,437,4,110,128,1,102.5,0,0,0
Jalen Richard,OAK,RB,23,16,0,39,29,0,0,0,491,1,83,194,2,115.5,0,0,0
Jack Doyle,IND,TE,26,16,14,75,59,0,0,0,0,0,0,584,5,145.4,0,1,1
Travis Benjamin,SDG,WR,27,14,8,75,47,0,0,1,-3,0,2,677,4,132.4,0,5,3
Giovani Bernard,CIN,RB,25,10,2,51,39,0,0,0,337,2,91,336,1,122.3,0,1,1
Eric Ebron,DET,TE,23,13,13,85,61,0,0,0,1,1,1,711,1,144.2,0,0,0
Jeremy Kerley,SFO,WR,28,16,13,115,64,0,0,0,0,0,0,667,3,146.7,0,4,1
Tyler Lockett,SEA,WR,24,15,9,66,41,0,0,0,114,1,6,597,1,124.1,0,0,0
Dennis Pitta,BAL,TE,31,16,12,121,86,0,0,0,0,0,0,729,2,168.9,0,1,1
Jason Witten,DAL,TE,34,16,16,95,69,0,0,0,0,0,0,673,3,152.3,0,1,1
Robert Turbin,IND,RB,27,15,0,35,26,0,0,0,164,7,47,179,1,108.3,0,0,0
DeAngelo Williams,PIT,RB,33,9,4,27,18,0,0,0,343,4,98,118,2,100.1,0,0,0
Will Fuller,HOU,WR,22,14,13,92,47,0,0,0,-3,0,1,635,2,128.2,0,2,0
Terrance Williams,DAL,WR,27,16,15,61,44,0,0,0,0,0,0,594,4,125.4,0,1,1
Shaun Draughn,SFO,RB,29,16,1,39,29,0,0,0,196,4,74,263,2,108.9,0,1,1
C.J. Fiedorowicz,HOU,TE,25,15,15,89,54,0,0,0,0,0,0,559,4,133.9,0,1,0
Brian Hoyer,CHI,QB,31,6,5,0,0,1445,6,200,-2,0,7,0,0,79.6,0,3,1
Dwayne Allen,IND,TE,26,14,14,52,35,0,0,0,0,0,0,406,6,113.6,0,1,0
Charles Clay,BUF,TE,27,15,15,87,57,0,0,0,0,0,0,552,4,136.2,0,0,0
Michael Floyd,2TM,WR,27,15,8,76,37,0,0,0,0,0,0,488,5,115.8,0,0,0
Adam Humphries,TAM,WR,23,15,4,83,55,0,0,0,18,0,5,622,2,133.0,0,3,0
Jacquizz Rodgers,TAM,RB,26,10,5,16,13,0,0,0,560,2,129,98,0,90.8,0,0,0
Eli Rogers,PIT,WR,24,13,8,66,48,0,0,0,6,0,1,594,3,126.0,0,2,0
Cody Kessler,CLE,QB,23,9,8,0,0,1380,6,195,18,0,11,0,0,77.0,2,4,1
Gary Barnidge,CLE,TE,31,16,16,82,55,0,0,0,0,0,0,612,2,130.2,0,0,0
Chris Ivory,JAX,RB,28,11,1,28,20,0,0,0,439,3,117,186,0,94.5,0,5,3
Zach Zenner,DET,RB,25,14,4,23,18,0,0,0,334,4,88,196,0,93.0,0,1,1
Brian Quick,LAR,WR,27,16,8,77,41,0,0,0,0,0,0,564,3,115.4,0,0,0
Seth Roberts,OAK,WR,25,16,6,77,38,0,0,0,0,0,0,397,5,111.7,0,0,0
Chosen Anderson,NYJ,WR,23,16,8,78,42,0,0,0,42,0,3,587,2,114.9,0,1,1
Blaine Gabbert,SFO,QB,27,6,5,1,1,925,5,160,173,2,40,-16,0,73.7,6,0,0
Zach Miller,CHI,TE,32,10,8,64,47,0,0,0,0,0,0,486,4,119.6,0,0,0
Donte Moncrief,IND,WR,23,9,7,56,30,0,0,0,-1,0,1,307,7,102.6,0,0,0
Kenneth Dixon,BAL,RB,22,12,0,41,30,0,0,0,382,2,88,162,1,102.4,0,1,0
Rob Gronkowski,NWE,TE,27,8,6,38,25,0,0,0,0,0,0,540,3,97.0,0,0,0
Doug Martin,TAM,RB,27,8,8,16,14,0,0,0,421,3,144,134,0,85.5,0,1,1
Matt Barkley,CHI,QB,26,7,6,1,1,1611,8,216,2,0,7,2,1,71.8,14,4,2
Tyler Boyd,CIN,WR,22,16,2,81,54,0,0,0,58,0,4,603,1,124.1,0,1,1
Vernon Davis,WAS,TE,32,16,14,59,44,0,0,0,0,0,0,583,2,114.3,0,0,0
Damien Williams,MIA,RB,24,15,0,32,23,0,0,0,115,3,35,249,3,93.4,0,1,1
Tyler Eifert,CIN,TE,26,8,2,47,29,0,0,0,0,0,0,394,5,98.4,0,0,0
Cordarrelle Patterson,MIN,WR,25,16,8,70,52,0,0,0,43,0,7,453,2,119.6,0,2,0
Breshad Perriman,BAL,WR,23,16,1,66,33,0,0,0,2,0,1,499,3,101.1,0,0,0
DeAndre Washington,OAK,RB,23,14,2,23,17,0,0,0,467,2,87,115,0,85.2,0,1,1
Robert Woods,BUF,WR,24,13,10,76,51,0,0,0,6,0,1,613,1,118.9,0,0,0
Matt Jones,WAS,RB,23,7,7,8,8,0,0,0,460,3,99,73,0,75.3,0,3,2
Phillip Dorsett,IND,WR,23,15,7,59,33,0,0,0,10,0,2,528,2,98.8,0,1,0
Robert Griffin III,CLE,QB,26,5,5,0,0,886,2,147,190,2,31,0,0,66.4,3,4,1
Allen Hurns,JAX,WR,25,11,11,76,35,0,0,0,0,0,0,477,3,100.7,0,1,0
Jeremy Maclin,KAN,WR,28,12,12,76,44,0,0,1,-1,0,1,536,2,109.5,0,0,0
Charcandrick West,KAN,RB,25,15,2,34,28,0,0,0,293,1,88,188,2,94.1,0,0,0
John Brown,ARI,WR,26,15,6,73,39,0,0,0,10,0,1,517,2,103.7,0,1,0
Malcolm Mitchell,NWE,WR,24,14,6,48,32,0,0,0,0,0,0,401,4,96.1,0,0,0
Tajae Sharpe,TEN,WR,22,16,10,83,41,0,0,0,1,0,1,522,2,105.3,0,0,0
Victor Cruz,NYG,WR,30,15,12,72,39,0,0,0,0,0,0,586,1,101.6,0,1,1
Devin Funchess,CAR,WR,22,15,7,58,23,0,0,0,0,0,0,371,4,86.1,0,0,0
Vance McDonald,SFO,TE,26,11,11,45,24,0,0,0,0,0,0,391,4,87.1,0,0,0
Thomas Rawls,SEA,RB,23,9,7,17,13,0,0,0,349,3,109,96,0,75.5,0,0,0
Paul Perkins,NYG,RB,22,14,1,24,15,0,0,0,456,0,112,162,0,76.8,0,1,0
Marquise Goodwin,BUF,WR,26,15,9,68,29,0,0,0,0,0,0,431,3,90.1,0,0,0
Kendall Wright,TEN,WR,27,11,4,42,29,0,0,0,15,0,1,416,3,90.1,0,0,0
Corey Coleman,CLE,WR,22,10,10,73,33,0,0,0,10,0,2,413,3,93.3,0,0,0
Lance Kendricks,LAR,TE,28,16,16,87,50,0,0,0,0,0,0,499,2,109.9,0,1,1
Rex Burkhead,CIN,RB,26,16,1,20,17,0,0,0,344,2,74,145,0,75.9,0,1,1
Sammie Coates,PIT,WR,23,14,5,49,21,0,0,0,14,0,4,435,2,77.9,0,0,0
Jermaine Kearse,SEA,WR,26,16,15,89,41,0,0,0,0,0,0,510,1,98.0,0,0,0
Matt Moore,MIA,QB,32,4,3,0,0,721,8,87,-1,0,1,0,0,54.7,3,1,0
Eddie Royal,CHI,WR,30,9,1,43,33,0,0,0,0,0,0,369,2,87.9,0,2,0
Sammy Watkins,BUF,WR,23,8,8,52,28,0,0,0,0,0,0,430,2,83.0,0,0,0
Travaris Cadet,NOR,RB,27,15,1,54,40,0,0,0,19,0,4,281,4,94.0,0,0,0
Ryan Griffin,HOU,TE,26,16,5,74,50,0,0,0,0,0,0,442,2,104.2,0,1,1
Jeremy Langford,CHI,RB,25,12,3,27,19,0,0,0,200,4,62,142,0,73.2,0,2,2
Clive Walford,OAK,TE,25,15,8,52,33,0,0,0,0,0,0,359,3,86.9,0,0,0
Chris Conley,KAN,WR,24,16,11,69,44,0,0,0,0,0,0,530,0,97.0,0,1,0
Jared Goff,LAR,QB,22,7,7,0,0,1089,5,205,16,1,8,0,0,53.2,7,5,2
Nelson Agholor,PHI,WR,23,15,14,69,36,0,0,0,14,0,5,365,2,87.9,0,1,0
Jesse James,PIT,TE,22,16,13,60,39,0,0,0,0,0,0,338,3,90.8,0,0,0
Josh McCown,CLE,QB,37,5,3,0,0,1100,6,165,21,0,7,0,0,52.1,6,7,4
Julius Thomas,JAX,TE,28,9,6,51,30,0,0,0,0,0,0,281,4,82.1,0,0,0
Garrett Celek,SFO,TE,28,16,6,50,29,0,0,0,0,0,0,350,3,80.0,0,2,1
Dorial Green-Beckham,PHI,WR,23,15,7,74,36,0,0,0,0,0,0,392,2,87.2,0,0,0
Jermaine Gresham,ARI,TE,28,16,14,61,37,0,0,0,0,0,0,391,2,88.1,0,1,0
Albert Wilson,KAN,WR,24,16,5,51,31,0,0,0,50,1,2,279,2,81.9,0,0,0
Alfred Blue,HOU,RB,25,14,2,16,12,0,0,0,420,1,100,40,0,62.0,0,2,1
Andrew Hawkins,CLE,WR,30,16,5,54,33,0,0,0,0,0,2,324,3,83.4,0,0,0
Dion Sims,MIA,TE,25,14,11,35,26,0,0,0,0,0,0,256,4,75.6,0,0,0
Jay Cutler,CHI,QB,33,5,5,0,0,1059,4,137,24,0,5,0,0,46.8,5,6,2
Russell Shepard,TAM,WR,26,14,4,40,23,0,0,0,9,0,1,341,2,70.0,0,0,0
Wendell Smallwood,PHI,RB,22,13,3,13,6,0,0,0,312,1,77,55,0,52.7,0,1,1
Fozzy Whittaker,CAR,RB,27,16,0,33,25,0,0,0,265,0,57,226,0,72.1,0,1,1
Danny Amendola,NWE,WR,31,12,4,29,23,0,0,0,0,0,0,243,4,69.3,0,3,1
Brandon Coleman,NOR,WR,24,16,4,38,26,0,0,0,0,0,0,281,3,72.1,0,0,0
Will Tye,NYG,TE,25,16,10,70,48,0,0,0,0,0,0,395,1,93.5,0,0,0
Austin Hooper,ATL,TE,22,14,3,27,19,0,0,0,0,0,0,271,3,64.1,0,0,0
Jamize Olawale,OAK,RB,27,16,7,14,12,0,0,0,47,2,17,227,1,57.4,0,0,0
Torrey Smith,SFO,WR,27,12,12,49,20,0,0,0,0,0,0,267,3,64.7,0,0,0
Justin Hardy,ATL,WR,25,16,3,31,21,0,0,0,0,0,0,203,4,65.3,0,0,0
C.J. Prosise,SEA,RB,22,6,2,19,17,0,0,0,172,1,30,208,0,61.0,0,0,0
Charles Sims,TAM,RB,26,7,2,32,24,0,0,0,149,1,51,190,1,67.9,0,1,1
Justin Hunter,2TM,WR,25,13,5,23,10,0,0,0,0,0,0,189,4,52.9,0,0,0
Jared Cook,GNB,TE,29,10,5,51,30,0,0,0,0,0,0,377,1,71.7,0,1,1
Justin Forsett,3TM,RB,31,9,6,27,20,0,0,0,291,1,87,85,0,61.6,0,2,1
Kenyan Drake,MIA,RB,22,16,1,10,9,0,0,0,179,2,33,46,0,49.5,0,1,0
John Kuhn,NOR,RB,34,16,3,20,16,0,0,0,37,4,18,70,1,56.7,0,0,0
Quinton Patton,SFO,WR,26,14,14,63,37,0,0,0,0,0,0,408,0,77.8,0,1,0
Brice Butler,DAL,WR,26,16,3,32,16,0,0,0,0,0,0,219,3,55.9,0,0,0
James Starks,GNB,RB,30,9,4,25,19,0,0,0,145,0,63,134,2,58.9,0,1,0
Kamar Aiken,BAL,WR,27,16,6,50,29,0,0,0,0,0,0,328,1,67.8,0,0,0
Trey Burton,PHI,TE,25,15,4,60,37,0,0,0,0,0,0,327,1,75.7,0,0,0
Eddie Lacy,GNB,RB,26,5,5,7,4,0,0,0,360,0,71,28,0,42.8,0,0,0
Richard Rodgers,GNB,TE,24,16,6,47,30,0,0,0,0,0,0,271,2,69.1,0,0,0
Jacob Tamme,ATL,TE,31,8,5,31,22,0,0,0,0,0,0,210,3,61.0,0,0,0
Dwayne Washington,DET,RB,22,12,2,15,10,0,0,0,265,1,90,62,0,48.7,0,0,0
Josh Bellamy,CHI,WR,27,16,2,38,19,0,0,0,37,0,4,282,1,56.9,0,0,0
Dion Lewis,NWE,RB,26,7,5,24,17,0,0,0,283,0,64,94,0,54.7,0,1,0
Aaron Ripkowski,GNB,RB,24,16,8,10,9,0,0,0,150,2,34,46,1,46.6,0,0,0
Levine Toilolo,ATL,TE,25,16,11,19,13,0,0,0,0,0,0,264,2,51.4,0,0,0
Kyle Juszczyk,BAL,RB,25,16,7,49,37,0,0,0,22,1,5,266,0,73.8,0,0,0
Alfred Morris,DAL,RB,28,14,0,6,3,0,0,0,243,2,69,11,0,40.4,0,0,0
Ladarius Green,PIT,TE,26,6,2,34,18,0,0,0,0,0,0,304,1,54.4,0,0,0
Erik Swoope,IND,TE,24,16,4,22,15,0,0,0,0,0,0,297,1,50.7,0,0,0
Jimmy Garoppolo,NWE,QB,25,6,2,1,1,502,4,63,6,0,10,3,0,36.0,0,2,1
Cobi Hamilton,PIT,WR,26,11,8,28,17,0,0,0,0,0,0,234,2,52.4,0,0,0
Darrius Heyward-Bey,PIT,WR,29,10,0,19,6,0,0,0,60,1,1,114,2,41.4,0,0,0
Paul Richardson,SEA,WR,24,15,0,36,21,0,0,0,5,0,1,288,1,56.3,0,0,0
Andre Roberts,DET,WR,28,16,1,25,14,0,0,0,0,0,0,188,1,48.8,0,2,1
Deonte Thompson,CHI,WR,27,16,6,36,22,0,0,0,0,0,0,249,2,56.9,0,1,1
Landry Jones,PIT,QB,27,8,2,0,0,558,4,86,-4,0,6,0,0,33.9,2,0,0
Bryan Walters,JAX,WR,29,10,3,34,24,0,0,0,4,0,1,231,2,57.5,0,1,1
Geronimo Allison,GNB,WR,22,10,2,22,12,0,0,0,0,0,0,202,2,44.2,0,0,0
Corey Brown,CAR,WR,25,16,8,53,27,0,0,0,6,0,2,276,1,59.2,0,1,1
Corey Grant,JAX,RB,25,11,1,7,4,0,0,0,164,1,32,35,1,35.9,0,0,0
Bryce Petty,NYJ,QB,25,6,4,0,0,809,3,133,19,0,5,0,0,32.3,7,1,1
Peyton Barber,TAM,RB,22,15,1,6,5,0,0,0,223,1,55,28,0,36.1,0,0,0
Eric Decker,NYJ,WR,29,3,3,21,9,0,0,0,0,0,0,194,2,40.4,0,0,0
Rod Streater,SFO,WR,28,16,2,27,18,0,0,0,0,0,0,191,2,49.1,0,0,0
Jordan Taylor,DEN,WR,24,16,0,25,16,0,0,0,0,0,0,209,2,46.9,0,1,1
Virgil Green,DEN,TE,28,12,11,37,22,0,0,0,0,0,0,237,1,51.7,0,0,0
Kenjon Barner,PHI,RB,27,13,0,11,5,0,0,0,129,2,27,42,0,34.1,0,0,0
C.J. Uzomah,CIN,TE,23,10,8,38,25,0,0,0,0,0,0,234,1,54.4,0,0,0
Cameron Artis-Payne,CAR,RB,26,3,3,1,1,0,0,0,144,2,36,11,0,28.5,0,0,0
Jacoby Brissett,NWE,QB,24,3,2,0,0,400,0,55,83,1,16,0,0,28.3,0,3,1
Nick Foles,KAN,QB,27,3,1,0,0,410,3,55,-4,0,4,0,0,28.0,0,0,0
Paxton Lynch,DEN,QB,22,3,2,0,0,497,2,83,25,0,11,0,0,28.4,1,2,0
Tanner McEvoy,SEA,WR,23,14,0,11,9,43,0,1,0,0,0,140,2,36.7,0,0,0
Kerwynn Williams,ARI,RB,25,10,0,2,1,0,0,0,157,2,18,6,0,29.3,0,0,0
Bennie Fowler,DEN,WR,25,13,0,24,11,0,0,0,0,0,0,145,2,37.5,0,0,0
DuJuan Harris,SFO,RB,28,10,1,9,8,0,0,0,138,0,38,115,1,35.3,0,2,2
Chester Rogers,IND,WR,22,14,2,34,19,0,0,0,0,0,0,273,0,46.3,0,2,0
Shane Vereen,NYG,RB,27,5,1,19,11,0,0,0,158,1,33,94,0,38.2,0,2,2
Kapri Bibbs,DEN,RB,23,12,0,4,2,0,0,0,129,0,29,75,1,28.4,0,0,0
Demetrius Harris,KAN,TE,25,16,11,31,17,0,0,0,0,0,0,123,1,43.3,0,1,0
Jaron Brown,ARI,WR,26,7,2,22,11,0,0,0,0,0,0,187,1,35.7,0,0,0
Alex Collins,SEA,RB,22,11,0,11,11,0,0,0,125,1,31,84,0,35.9,0,2,1
Seth Devalve,CLE,TE,23,12,2,12,10,0,0,0,0,0,0,127,2,34.7,0,0,0
Josh Huff,2TM,WR,25,10,2,23,16,0,0,1,15,0,4,113,1,40.8,0,0,0
Jeff Janis,GNB,WR,25,16,1,19,11,0,0,0,38,1,2,93,1,36.1,0,0,0
Charone Peake,NYJ,WR,24,15,1,35,19,0,0,0,0,0,0,186,0,43.6,0,0,0
Mychal Rivera,OAK,TE,26,13,2,25,18,0,0,0,0,0,0,192,1,43.2,0,0,0
Mike Tolbert,CAR,RB,31,16,2,15,10,0,0,0,114,0,35,72,1,34.6,0,0,0
Luke Willson,SEA,TE,26,11,6,21,15,0,0,0,0,0,0,129,2,39.9,0,0,0
Orleans Darkwa,NYG,RB,24,10,2,4,2,0,0,0,111,2,30,12,0,26.3,0,0,0
Kenneth Farrow,SDG,RB,23,13,2,16,13,0,0,0,192,0,60,70,0,37.2,0,2,1
Xavier Grimble,PIT,TE,24,13,2,21,11,0,0,0,0,0,0,118,2,34.8,0,0,0
Jalin Marshall,NYJ,WR,21,10,1,23,14,0,0,0,0,0,0,162,2,38.2,0,4,2
Charles Johnson,MIN,WR,27,16,7,37,20,0,0,0,0,0,0,232,0,43.2,0,0,0
Marcedes Lewis,JAX,TE,32,10,10,30,20,0,0,0,0,0,0,169,1,42.9,0,0,0
Jordan Norwood,DEN,WR,30,14,6,35,21,0,0,0,0,0,1,232,1,44.2,0,5,3
Ameer Abdullah,DET,RB,23,2,2,5,5,0,0,0,101,0,18,57,1,26.8,0,0,0
Ronnie Hillman,2TM,RB,25,8,1,15,7,0,0,0,131,0,41,93,0,29.4,0,0,0
Ben Koyack,JAX,TE,23,14,7,24,19,0,0,0,0,0,0,161,1,41.1,0,0,0
Roger Lewis,NYG,WR,23,13,1,19,7,0,0,0,0,0,0,97,2,28.7,0,0,0
Marquess Wilson,CHI,WR,24,3,1,16,9,0,0,0,0,0,0,160,1,31.0,0,0,0
Harry Douglas,TEN,WR,32,11,2,22,15,0,0,0,0,0,0,210,0,36.0,0,0,0
Lance Dunbar,DAL,RB,26,13,0,24,16,0,0,0,31,1,9,122,0,37.3,0,1,0
Darren Fells,ARI,TE,30,14,7,18,14,0,0,0,0,0,0,154,1,35.4,0,0,0
Josh Hill,NOR,TE,26,9,8,22,15,0,0,0,0,0,0,149,1,35.9,0,0,0
Andre Johnson,TEN,WR,35,8,4,22,9,0,0,0,0,0,0,85,2,29.5,0,0,0
Ricardo Louis,CLE,WR,22,16,3,35,18,0,0,0,0,0,0,205,0,38.5,0,1,0
Austin Seferian-Jenkins,2TM,TE,24,9,2,20,13,0,0,0,0,0,0,154,1,34.4,0,0,0
Darren Waller,BAL,TE,24,12,3,17,10,0,0,0,0,0,0,85,2,30.5,0,0,0
Danny Woodhead,SDG,WR,31,2,1,8,6,0,0,0,116,0,19,35,1,27.1,0,0,0
Cody Core,CIN,WR,22,8,4,27,17,0,0,0,0,0,0,200,0,37.0,0,0,0
Anthony Fasano,TEN,TE,32,16,10,13,8,0,0,0,0,0,0,83,2,28.3,0,0,0
Jonathan Grimes,HOU,RB,27,10,0,18,13,0,0,0,105,0,23,94,0,32.9,0,0,0
Freddie Martino,TAM,WR,25,13,0,11,8,0,0,0,0,0,0,142,1,28.2,0,0,0
Bobby Rainey,NYG,RB,29,15,0,25,20,0,0,0,63,0,17,153,0,39.6,0,1,1
Kevin White,CHI,WR,24,4,4,36,19,0,0,0,9,0,1,187,0,38.6,0,0,0
Benny Cunningham,LAR,RB,26,11,0,21,16,0,0,0,101,0,21,91,0,35.2,0,1,0
Ed Dickson,CAR,TE,29,16,8,19,10,0,0,0,0,0,0,134,1,29.4,0,0,0
Jerell Adams,NYG,TE,24,13,2,21,16,0,0,0,0,0,0,122,1,34.2,0,1,0
Arrelious Benn,JAX,WR,28,15,0,10,5,0,0,0,0,0,0,116,1,22.6,0,0,0
Daniel Brown,2TM,TE,24,8,3,20,16,0,0,0,0,0,0,124,1,34.4,0,0,0
Ka'Deem Carey,CHI,RB,24,12,0,7,5,0,0,0,126,0,32,55,0,23.1,0,0,0
Andre Ellington,ARI,RB,27,16,0,19,12,0,0,0,96,0,34,85,0,30.1,0,0,0
Tom Savage,HOU,QB,26,3,2,0,0,461,0,73,12,0,6,0,0,17.6,0,1,1
Derek Anderson,CAR,QB,33,5,2,0,0,453,2,53,4,0,1,0,0,16.5,5,1,1
Reggie Bush,BUF,RB,31,13,0,10,7,0,0,0,-3,1,12,90,0,23.7,0,1,0
MarQueis Gray,MIA,TE,27,16,7,17,14,0,0,0,0,0,0,174,0,31.4,0,0,0
Kevin Hogan,CLE,QB,24,4,0,0,0,104,0,26,105,1,8,0,0,16.7,2,0,0
Vincent Jackson,TAM,WR,33,5,5,32,15,0,0,0,0,0,0,173,0,32.3,0,0,0
Denard Robinson,JAX,RB,26,13,1,5,3,0,0,0,144,0,41,22,0,19.6,0,0,0
Brandon Tate,BUF,WR,29,15,1,12,8,0,0,0,48,0,3,117,0,24.5,0,0,0
Matt Cassel,TEN,QB,34,4,1,0,0,284,2,51,3,0,4,0,0,15.7,2,1,0
Brent Celek,PHI,TE,31,16,8,19,14,0,0,0,0,0,0,155,0,29.5,0,1,0
Josh Ferguson,IND,RB,23,16,0,26,20,0,0,0,20,0,15,136,0,35.6,0,1,0
Chris Johnson,ARI,RB,31,4,0,1,0,0,0,0,95,1,25,0,0,15.5,0,0,0
Braxton Miller,HOU,WR,24,10,6,28,15,0,0,0,0,0,3,99,1,30.9,0,0,0
Terron Ward,ATL,RB,24,5,0,2,1,0,0,0,151,0,31,11,0,17.2,0,0,0
Stephen Anderson,HOU,TE,23,13,0,16,11,0,0,0,0,0,0,93,1,26.3,0,0,0
Tyler Higbee,LAR,TE,23,16,7,29,11,0,0,0,0,0,0,85,1,25.5,0,0,0
Greg Salas,BUF,WR,28,2,1,6,4,0,0,0,0,0,0,89,1,18.9,0,0,0
Cecil Shorts,TAM,WR,29,9,5,27,11,0,0,0,0,0,0,152,0,26.2,0,0,0
Mack Brown,WAS,RB,25,9,0,1,1,0,0,0,82,1,8,-2,0,15.0,0,0,0
A.J. Derby,2TM,TE,25,10,3,20,16,0,0,0,0,0,0,160,0,30.0,0,1,1
Jeff Heuerman,DEN,TE,24,12,2,17,9,0,0,0,0,0,0,141,0,23.1,0,0,0
Akeem Hunt,HOU,RB,23,8,0,4,3,0,0,0,109,0,20,29,0,16.8,0,2,0
Andy Janovich,DEN,RB,23,11,5,7,5,0,0,0,33,1,4,44,0,18.7,0,0,0
Brandon Myers,TAM,TE,31,16,9,14,7,0,0,0,0,0,0,59,1,20.9,0,0,0
Walt Powell,BUF,WR,25,9,2,25,14,0,0,0,0,0,0,142,0,28.2,0,0,0
Larry Donnell,NYG,TE,28,14,6,22,15,0,0,0,0,0,0,92,1,28.2,0,1,1
Arian Foster,MIA,RB,30,4,2,10,6,0,0,0,55,0,22,78,0,19.3,0,1,0
Crockett Gillmore,BAL,TE,25,7,5,14,8,0,0,0,0,0,0,71,1,21.1,0,0,0
Chris Harper,SFO,WR,23,9,2,21,13,0,0,0,0,0,0,133,0,26.3,0,0,0
Chris Moore,BAL,WR,23,15,0,16,7,0,0,0,19,0,3,46,0,19.5,0,1,0
Nick O'Leary,BUF,RB,24,16,7,14,9,0,0,0,0,0,0,114,0,22.4,0,0,0
John Phillips,2TM,TE,29,16,7,15,10,0,0,0,0,0,0,72,1,23.2,0,0,0
C.J. Spiller,2TM,RB,29,6,0,13,6,0,0,0,18,0,6,50,1,18.8,0,1,0
Jaelen Strong,HOU,WR,22,8,2,24,14,0,0,0,0,0,0,131,0,27.1,0,0,0
Paul Turner,PHI,WR,23,4,2,14,9,0,0,0,0,0,0,126,0,21.6,0,0,0
Markus Wheaton,PIT,WR,25,3,2,9,4,0,0,0,0,0,0,51,1,17.1,0,0,0
Jarius Wright,MIN,WR,27,8,1,14,11,0,0,0,0,0,0,67,1,23.7,0,0,0
Jordan Cameron,MIA,TE,28,3,3,11,8,0,0,0,0,0,0,60,1,20.0,0,0,0
Mike Davis,SFO,RB,23,8,1,5,3,0,0,0,50,1,19,25,0,14.5,0,1,1
Rhett Ellison,MIN,RB,28,15,6,14,9,0,0,0,1,1,1,57,0,20.8,0,0,0
Brittan Golden,ARI,WR,28,12,1,14,8,0,0,0,0,0,0,82,1,20.2,0,1,1
Dominique Jones,MIA,TE,29,9,2,10,7,0,0,0,0,0,0,61,1,19.1,0,0,0
Jordan Todman,IND,RB,26,16,0,1,0,0,0,0,59,0,9,0,0,11.9,0,0,0
Jamaal Charles,KAN,RB,30,3,0,3,2,0,0,0,40,1,12,14,0,13.4,0,0,0
Patrick DiMarco,ATL,RB,27,16,8,10,7,0,0,0,0,0,0,52,1,18.2,0,0,0
Neal Sterling,JAX,WR,24,10,1,16,12,0,0,0,0,0,0,110,0,23.0,0,0,0
Lucky Whitehead,DAL,WR,24,15,1,3,3,0,0,0,82,0,10,48,0,14.0,0,3,1
Jonathan Williams,BUF,RB,22,11,0,2,1,0,0,1,94,1,27,0,0,12.4,0,2,2
Demarcus Ayers,PIT,WR,22,2,1,13,6,0,0,0,-12,0,2,53,1,16.1,0,0,0
Alan Cross,TAM,TE,23,14,0,10,6,0,0,0,0,0,0,38,1,15.8,0,0,0
Shaun Hill,MIN,QB,36,3,1,0,0,242,0,35,5,0,5,0,0,10.2,0,0,0
David Johnson,PIT,TE,29,16,5,11,7,0,0,0,0,0,0,80,0,17.0,0,0,0
Darren McFadden,DAL,RB,29,3,1,5,3,0,0,0,87,0,24,17,0,13.4,0,0,0
Joshua Perkins,ATL,TE,23,8,1,5,3,0,0,0,0,0,0,42,1,13.2,0,0,0
Antone Smith,TAM,RB,31,3,0,9,6,0,0,0,47,0,10,77,0,16.4,0,2,1
James Wright,CIN,WR,25,13,2,19,13,0,0,0,-6,0,2,106,0,23.0,0,0,0
George Atkinson,CLE,RB,24,16,0,0,0,0,0,0,34,1,7,0,0,9.4,0,1,0
Blake Bell,SFO,TE,25,13,0,9,4,0,0,0,0,0,0,85,0,12.5,0,0,0
Leonte Carroo,MIA,WR,22,14,2,6,3,0,0,0,0,0,0,29,1,11.9,0,0,0
Pharoh Cooper,LAR,WR,21,10,3,20,14,0,0,1,0,0,0,106,0,22.6,1,0,0
Gavin Escobar,DAL,TE,25,16,1,7,4,0,0,0,0,0,0,30,1,13.0,0,0,0
Mike Glennon,TAM,QB,27,2,0,0,0,75,1,11,0,0,0,0,0,9.0,0,0,0
T.J. Jones,DET,WR,24,3,0,14,5,0,0,0,0,0,0,93,0,14.3,0,0,0
Tyler Kroft,CIN,TE,24,14,11,12,10,0,0,0,0,0,0,92,0,19.2,0,0,0
Tommylee Lewis,NOR,WR,24,12,1,11,7,0,0,0,11,0,3,76,0,15.7,0,2,0
Marcel Reece,SEA,RB,31,4,0,5,5,0,0,0,0,0,2,73,0,14.3,0,0,0
Drew Stanton,ARI,QB,32,5,1,0,0,192,2,48,-3,0,3,0,0,9.4,3,0,0
Juwan Thompson,DEN,RB,24,8,1,1,0,0,0,0,26,1,8,0,0,8.6,0,0,0
Fitzgerald Toussaint,PIT,RB,26,16,0,3,3,0,0,0,58,0,14,33,0,12.1,0,0,0
Bryce Treggs,PHI,WR,22,9,1,12,3,0,0,0,7,0,2,80,0,11.7,0,0,0
Terrell Watson,PHI,RB,23,1,0,1,1,0,0,0,28,1,9,5,0,10.3,0,0,0
Derek Watt,SDG,RB,24,16,2,4,4,0,0,0,4,0,2,83,0,12.7,0,0,0
Charlie Whitehurst,CLE,QB,34,1,0,0,0,182,1,24,1,0,2,0,0,9.4,1,0,0
Andre Williams,SDG,RB,24,1,0,2,0,0,0,0,87,0,18,0,0,8.7,0,0,0
Trevone Boykin,SEA,QB,23,5,0,0,0,145,1,18,1,0,8,0,0,7.9,1,1,0
Ryan Grant,WAS,WR,26,16,1,19,9,0,0,0,0,0,0,76,0,16.6,0,0,0
Connor Hamlett,CLE,TE,24,3,2,1,1,0,0,0,0,0,0,17,1,8.7,0,0,0
Rashard Higgins,CLE,WR,22,16,0,12,6,0,0,0,0,0,0,77,0,13.7,0,0,0
Cody Latimer,DEN,WR,24,12,1,15,8,0,0,0,0,0,0,76,0,15.6,0,0,0
Matt Lengel,NWE,TE,26,6,0,3,2,0,0,0,0,0,0,22,1,10.2,0,0,0
Geno Smith,NYJ,QB,26,2,1,0,0,126,1,14,9,0,2,0,0,7.9,1,1,0
Wendall Williams,HOU,WR,26,3,0,7,4,0,0,0,0,0,0,75,0,11.5,0,0,0
Malcolm Brown,LAR,RB,23,16,0,3,3,0,0,0,39,0,18,46,0,9.5,0,1,1
Aaron Burbridge,SFO,WR,23,16,3,16,7,0,0,0,0,0,0,88,0,13.8,0,1,1
Michael Campanaro,BAL,WR,25,3,0,1,0,0,0,0,72,0,3,0,0,7.2,0,0,0
Josh Doctson,WAS,WR,24,2,0,6,2,0,0,0,0,0,0,66,0,8.6,0,0,0
Alex Erickson,CIN,WR,24,16,0,8,6,0,0,0,0,0,0,71,0,13.1,0,3,0
Jerome Felton,BUF,RB,30,15,4,9,6,0,0,0,13,0,8,57,0,13.0,0,0,0
Maurice Harris,WAS,WR,24,10,0,12,8,0,0,0,0,0,0,66,0,14.6,0,1,0
EJ Manuel,BUF,QB,26,6,1,0,0,131,0,26,22,0,8,0,0,7.4,0,2,1
Byron Marshall,PHI,RB,22,3,0,5,3,0,0,0,64,0,19,10,0,10.4,0,0,0
Keith Mumphery,HOU,WR,24,11,3,12,10,0,0,0,0,0,0,69,0,16.9,0,0,0
Geoff Swaim,DAL,TE,23,9,6,8,6,0,0,0,0,0,0,69,0,12.9,0,0,0
Keenan Allen,SDG,WR,24,1,1,7,6,0,0,0,0,0,0,63,0,12.3,0,0,0
Jace Amaro,TEN,TE,24,3,0,4,3,0,0,0,0,0,0,59,0,8.9,0,0,0
Brandon Bostick,NYJ,TE,27,16,7,11,8,0,0,0,0,0,0,63,0,14.3,0,0,0
Connor Cook,OAK,QB,23,1,0,0,0,150,1,21,0,0,0,0,0,6.0,1,2,1
Trevor Davis,GNB,WR,23,11,0,7,3,0,0,0,0,0,0,24,1,9.4,0,2,1
Johnny Holton,OAK,WR,26,15,0,3,2,0,0,0,43,0,6,34,0,7.7,0,1,1
Adrian Peterson,MIN,RB,31,3,3,6,3,0,0,0,72,0,37,8,0,9.0,0,1,1
Phillip Supernaw,TEN,TE,26,15,2,5,4,0,0,0,0,0,0,62,0,10.2,0,0,0
De'Anthony Thomas,KAN,WR,23,12,0,9,7,0,0,0,29,0,4,35,0,13.4,0,0,0
D.J. Tialavea,ATL,TE,25,2,0,1,1,0,0,0,0,0,0,1,1,7.1,0,0,0
Nick Williams,ATL,WR,26,2,0,7,5,0,0,0,0,0,0,59,0,10.9,0,0,0
Javorius Allen,BAL,RB,25,8,0,4,3,0,0,0,34,0,9,15,0,7.9,0,0,0
Knile Davis,2TM,RB,25,11,0,7,5,0,0,0,28,0,18,25,0,10.3,0,0,0
Dwayne Harris,NYG,WR,29,16,1,1,1,0,0,0,0,0,0,13,1,6.3,0,3,1
Tavarres King,NYG,WR,26,7,0,4,2,0,0,0,0,0,0,50,0,7.0,0,0,0
Ifeanyi Momah,ARI,WR,27,5,1,4,2,0,0,0,0,0,0,50,0,7.0,0,0,0
Troymaine Pope,2TM,RB,23,4,0,2,1,0,0,0,44,0,12,5,0,5.9,0,0,0
Tony Romo,DAL,QB,36,1,0,0,0,29,1,4,0,0,0,0,0,5.2,0,0,0
Brandon Wilds,NYJ,RB,23,4,0,2,2,0,0,0,27,0,10,20,0,6.7,0,0,0
Nick Boyle,BAL,TE,23,6,0,6,6,0,0,0,0,0,0,44,0,10.4,0,0,0
Ben Braunecker,CHI,TE,22,13,2,6,4,0,0,0,0,0,0,41,0,8.1,0,0,0
Quan Bray,IND,WR,23,6,0,4,3,0,0,0,7,0,1,36,0,7.3,0,0,0
Jakeem Grant,MIA,WR,24,16,0,1,0,0,0,0,1,0,1,0,0,4.1,0,4,1
Mike James,TAM,RB,25,4,0,4,4,0,0,0,19,0,4,22,0,8.1,0,0,0
Taiwan Jones,OAK,RB,28,13,0,4,4,0,0,0,-8,0,1,43,0,7.5,0,0,0
Daniel Lasco,NOR,RB,24,7,0,4,2,0,0,0,32,0,11,11,0,6.3,0,0,0
Bradley Marquez,LAR,WR,24,14,0,7,3,0,0,0,2,0,1,37,0,6.9,0,0,0
Dexter McCluster,SDG,WR,27,6,0,11,7,0,0,0,2,0,3,36,0,10.8,0,0,0
Justin Perillo,GNB,TE,25,9,1,5,4,0,0,0,0,0,0,35,0,7.5,0,0,0
Brandon Williams,SEA,TE,29,16,1,3,2,0,0,0,0,0,0,36,0,5.6,0,0,0
D.J. Foster,NWE,RB,23,3,0,2,1,0,0,0,24,0,7,2,0,3.6,0,0,0
Don Jackson,GNB,RB,23,3,1,1,0,0,0,0,32,0,10,0,0,3.2,0,0,0
Malcolm Johnson,CLE,RB,24,7,1,7,5,0,0,0,2,0,1,44,0,7.6,0,1,1
Sean McGrath,SDG,TE,29,16,5,2,2,0,0,0,0,0,0,25,0,4.5,0,0,0
Niles Paul,WAS,WR,27,8,1,2,2,0,0,0,0,0,0,27,0,4.7,0,0,0
Isaiah Pead,MIA,RB,27,3,0,1,1,0,0,0,22,0,8,6,0,3.8,0,0,0
Lee Smith,OAK,TE,29,4,4,6,6,0,0,0,0,0,0,29,0,8.9,0,0,0
Nick Vannett,SEA,TE,23,9,2,4,3,0,0,0,0,0,0,32,0,6.2,0,0,0
Danny Vitale,CLE,RB,23,9,3,5,4,0,0,0,0,0,0,27,0,6.7,0,0,0
Antonio Andrews,TEN,RB,24,16,0,0,0,0,0,0,15,0,2,0,0,1.5,0,0,0
Brenton Bersin,CAR,WR,26,10,0,6,2,0,0,0,0,0,0,17,0,3.7,0,0,0
Brandon Bolden,NWE,RB,26,14,0,4,2,0,0,0,4,0,1,15,0,3.9,0,0,0
Damiere Byrd,CAR,WR,23,1,0,1,1,0,0,0,0,0,0,16,0,2.6,0,0,0
James Develin,NWE,TE,28,16,4,6,3,0,0,0,0,0,0,18,0,4.8,0,0,0
Jalston Fowler,TEN,RB,26,16,6,2,1,0,0,0,3,0,1,14,0,2.7,0,0,0
Clay Harbor,2TM,TE,29,15,2,3,3,0,0,0,0,0,0,19,0,4.9,0,0,0
Percy Harvin,BUF,WR,28,2,1,4,2,0,0,0,11,0,1,6,0,3.7,0,0,0
Cardale Jones,BUF,QB,24,1,0,0,0,96,0,11,-1,0,1,0,0,1.7,1,0,0
Zach Line,MIN,RB,26,15,4,3,0,0,0,0,15,0,7,0,0,1.5,0,0,0
Marc Mariani,TEN,WR,29,16,0,0,0,0,0,0,15,0,1,0,0,1.5,0,1,0
Matt McGloin,OAK,QB,27,3,1,0,0,50,0,15,-3,0,3,0,0,1.7,0,0,0
J.D. McKissic,SEA,WR,23,1,0,2,2,0,0,0,2,0,1,16,0,3.8,0,0,0
Logan Paulsen,CHI,TE,29,16,12,10,3,0,0,0,0,0,0,15,0,4.5,0,0,0
Cedric Peerman,CIN,RB,30,6,0,1,0,0,0,0,15,0,6,0,0,1.5,0,0,0
Jay Prosch,HOU,RB,24,15,1,1,1,0,0,0,9,0,4,6,0,2.5,0,0,0
DeAndre Smelter,SFO,WR,25,2,0,1,1,0,0,0,0,0,0,23,0,3.3,0,0,0
Devin Smith,NYJ,WR,24,4,0,3,1,0,0,0,0,0,0,20,0,3.0,0,0,0
Luke Stocker,TAM,TE,28,12,10,8,5,0,0,0,0,0,0,23,0,7.3,0,0,0
Devin Street,IND,WR,25,5,0,6,1,0,0,0,0,0,0,20,0,3.0,0,0,0
Mike Thomas,LAR,WR,22,15,0,9,3,0,0,0,0,0,0,37,0,4.7,0,1,1
Ross Travis,KAN,TE,23,6,3,6,3,0,0,0,0,0,0,15,0,4.5,0,0,0
Laquon Treadwell,MIN,WR,21,9,1,3,1,0,0,0,0,0,0,15,0,2.5,0,0,0
Griff Whalen,SDG,WR,26,8,0,4,2,0,0,0,0,0,0,22,0,4.2,0,0,0
Cole Wick,DET,TE,23,6,0,3,2,0,0,0,0,0,0,18,0,3.8,0,0,0
Shane Wynn,JAX,WR,24,5,0,3,1,0,0,0,5,0,2,19,0,3.4,0,0,0
Jared Abbrederis,GNB,WR,26,5,0,2,1,0,0,0,0,0,0,8,0,1.8,0,0,0
Joe Banyard,JAX,RB,28,1,0,0,0,0,0,0,7,0,2,0,0,0.7,0,0,0
Jeremy Butler,SDG,WR,25,4,0,2,2,0,0,0,0,0,0,11,0,3.1,0,0,0
Derek Carrier,WAS,TE,26,8,0,2,2,0,0,0,0,0,0,10,0,3.0,0,0,0
Gerald Christian,BUF,TE,25,3,0,2,1,0,0,0,0,0,0,14,0,2.4,0,0,0
Chase Daniel,PHI,QB,30,1,0,0,0,16,0,1,0,0,0,0,0,0.6,0,0,0
Alex Ellis,JAX,TE,23,6,3,4,3,0,0,0,0,0,0,11,0,4.1,0,0,0
David Fales,CHI,QB,26,1,0,0,0,22,0,5,0,0,1,0,0,0.9,0,1,0
George Farmer,SEA,RB,23,2,0,3,1,0,0,0,1,0,1,4,0,1.5,0,0,0
Rashad Greene,JAX,WR,24,8,0,8,5,0,0,0,0,0,0,32,0,6.2,0,4,1
Je'Ron Hamm,SFO,TE,24,5,0,4,2,0,0,0,0,0,0,13,0,3.3,0,0,0
Ryan Hewitt,CIN,TE,25,16,11,3,2,0,0,0,0,0,0,13,0,3.3,0,0,0
Bronson Hill,JAX,RB,23,3,0,1,0,0,0,0,11,0,2,0,0,1.1,0,0,0
Henry Krieger-Coble,DEN,TE,24,2,0,1,1,0,0,0,0,0,0,13,0,2.3,0,0,0
Paul Lasike,CHI,RB,26,10,3,1,1,0,0,0,8,0,3,3,0,2.1,0,0,0
Terrence Magee,SEA,RB,23,2,0,0,0,0,0,0,12,0,3,0,0,1.2,0,0,0
Chris Manhertz,2TM,TE,24,7,2,1,1,0,0,0,0,0,0,10,0,2.0,0,0,0
Paul McRoberts,LAR,WR,24,2,0,1,1,0,0,0,0,0,0,6,0,1.6,0,0,0
Raheem Mostert,2TM,RB,24,3,0,0,0,0,0,0,6,0,1,0,0,0.6,0,0,0
Matthew Mulligan,DET,TE,31,8,0,1,1,0,0,0,0,0,0,8,0,1.8,0,0,0
Roosevelt Nix,PIT,RB,24,10,2,2,2,0,0,0,0,0,0,5,0,2.5,0,0,0
MyCole Pruitt,2TM,TE,24,4,0,2,2,0,0,0,0,0,0,13,0,3.3,0,0,0
Daryl Richardson,PIT,RB,26,3,0,0,0,0,0,0,7,0,2,0,0,0.7,0,0,0
Stevan Ridley,ATL,RB,27,1,0,0,0,0,0,0,7,0,3,0,0,0.7,0,0,0
Rashad Ross,WAS,WR,26,5,0,1,1,0,0,0,0,0,0,8,0,1.8,0,0,0
Anthony Sherman,KAN,RB,28,16,3,6,4,0,0,0,0,0,0,11,0,5.1,0,0,0
Lorenzo Taliaferro,BAL,RB,25,3,0,3,3,0,0,0,0,0,1,10,0,4.0,0,0,0
Stepfan Taylor,ARI,RB,25,15,0,0,0,0,0,0,12,0,4,0,0,1.2,0,0,0
Tony Washington,JAX,WR,24,2,0,1,1,0,0,0,0,0,0,9,0,1.9,0,0,0
Mario Alford,CLE,,24,3,0,0,0,0,0,0,0,0,0,0,0,,0,0,0
Joique Bell,2TM,RB,30,7,0,1,1,0,0,0,6,0,3,-2,0,1.4,0,0,0
Braedon Bowman,NYJ,,22,3,0,1,0,0,0,0,0,0,0,0,0,,0,,0
Daniel Braverman,CHI,,23,3,0,2,0,0,0,0,0,0,0,0,0,,0,,0
Brandon Burks,NYJ,RB,23,1,0,0,0,0,0,0,-4,0,2,0,0,-0.4,0,0,0
Isaiah Burse,SDG,,25,9,1,4,0,0,0,0,0,0,0,0,0,,0,0,0
Michael Burton,DET,,24,15,0,1,0,0,0,0,0,0,0,0,0,,0,,0
Orson Charles,DET,,25,2,0,0,0,0,0,0,0,0,0,0,0,,0,,0
Kellen Clemens,SDG,QB,33,12,0,0,0,0,0,1,-1,0,2,0,0,-0.1,0,0,0
Asante Cleveland,SDG,,24,4,0,0,0,0,0,0,0,0,0,0,0,,0,,0
Chase Coffman,IND,,30,2,0,0,0,0,0,0,0,0,0,0,0,,0,,0
Geremy Davis,SDG,,24,3,0,2,0,0,0,0,0,0,0,0,0,,0,0,0
Kellen Davis,NYJ,,31,8,7,1,0,0,0,0,0,0,0,0,0,,0,0,0
Jim Dray,2TM,,30,6,2,0,0,0,0,0,0,0,0,0,0,,0,,0
Thomas Duarte,MIA,,21,1,0,0,0,0,0,0,0,0,0,0,0,,0,,0
Donteea Dye,TAM,,23,1,0,0,0,0,0,0,0,0,0,0,0,,0,,0
Isaac Fruechte,MIN,,25,1,0,1,0,0,0,0,0,0,0,0,0,,0,,0
Aaron Green,LAR,,24,2,0,0,0,0,0,0,0,0,0,0,0,,0,,0
Glenn Gronkowski,BUF,,23,1,0,0,0,0,0,0,0,0,0,0,0,,0,,0
Russell Hansbrough,TAM,,23,2,0,0,0,0,0,0,0,0,0,0,0,,0,,0
Cory Harkey,LAR,,26,12,0,0,0,0,0,0,0,0,0,0,0,,0,,0
Clark Harris,CIN,,32,13,0,0,0,0,0,0,0,0,0,0,0,,0,,0
Temarrick Hemingway,LAR,,23,8,0,0,0,0,0,0,0,0,0,0,0,,0,,0
Chad Henne,JAX,QB,31,1,0,0,0,0,0,0,-2,0,1,0,0,-0.2,0,0,0
Julian Howsare,NYJ,,24,2,0,0,0,0,0,0,0,0,0,0,0,,0,0,0
Joe Kerridge,GNB,RB,24,8,0,0,0,0,0,0,0,0,1,0,0,,0,0,0
Jake Lampman,NOR,,23,6,0,0,0,0,0,0,0,0,0,0,0,,0,,0
Khari Lee,DET,,24,8,0,1,0,0,0,0,0,0,0,0,0,,0,,0
Dezmin Lewis,BUF,,24,1,0,1,0,0,0,0,0,0,0,0,0,,0,,0
Tony Lippett,MIA,,24,16,13,0,0,0,0,0,0,0,0,0,0,,0,0,0
Vince Mayle,DAL,,25,6,0,0,0,0,0,0,0,0,0,0,0,,0,,0
Tre McBride,TEN,,24,2,0,0,0,0,0,0,0,0,0,0,0,,0,,0
A.J. McCarron,CIN,,26,1,0,0,0,0,0,0,0,0,0,0,0,,0,,0
David Morgan,MIN,TE,23,12,0,1,1,0,0,0,0,0,0,4,0,1.4,0,0,0
Marcus Murphy,NOR,RB,25,3,0,1,1,0,0,0,0,0,0,3,0,1.3,0,0,0
Troy Niklas,ARI,TE,24,3,2,2,1,0,0,0,0,0,0,0,0,1.0,0,0,0
James O'Shaughnessy,KAN,TE,24,16,3,3,2,0,0,0,0,0,0,-1,0,1.9,0,0,0
Ryan O'Malley,OAK,,23,1,0,0,0,0,0,0,0,0,0,0,0,,0,,0
Jordan Payton,CLE,WR,23,4,0,3,1,0,0,0,0,0,0,3,0,1.3,0,0,0
Demarcus Robinson,KAN,,22,16,0,0,0,0,0,0,0,0,0,0,0,,0,,0
Khiry Robinson,NYJ,RB,27,1,0,0,0,0,0,0,22,0,8,0,0,0.2,0,1,1
Mark Sanchez,DAL,QB,30,2,0,0,0,93,0,18,-2,0,4,0,0,-0.5,2,0,0
Matt Schaub,ATL,QB,35,4,0,0,0,16,0,3,-2,0,2,0,0,0.4,0,0,0
Rashawn Scott,MIA,,24,2,0,0,0,0,0,0,0,0,0,0,0,,0,,0
Scott Simonson,CAR,,24,5,1,0,0,0,0,0,0,0,0,0,0,,0,,0
Rod Smith,DAL,RB,24,7,0,1,1,0,0,0,0,0,0,4,0,1.4,0,0,0
Tevaun Smith,IND,,23,2,0,0,0,0,0,0,0,0,0,0,0,,0,,0
Nate Solder,NWE,,28,15,15,0,0,0,0,0,0,0,0,0,0,,0,,0
Randall Telfer,CLE,TE,24,14,5,7,2,0,0,0,0,0,0,4,0,2.4,0,0,0
Eric Tomlinson,NYJ,,24,7,5,0,0,0,0,0,0,0,0,0,0,,0,,0
Hakeem Valles,ARI,,24,11,1,2,0,0,0,0,0,0,0,0,0,,0,,0
Joe Webb,CAR,WR,30,14,0,3,1,0,0,0,0,0,0,3,0,1.3,0,0,0
Eric Weems,ATL,,31,16,0,0,0,0,0,0,0,0,0,0,0,,0,0,0
Kasen Williams,SEA,,24,1,0,1,0,0,0,0,0,0,0,0,0,,0,,0
Maxx Williams,BAL,,22,4,0,0,0,0,0,0,0,0,0,0,0,,0,,0
T.J. Yates,MIA,,29,0,0,0,0,0,0,0,0,0,0,0,0,,0,0,0
Bralon Addison,CHI,RB,23,2,0,1,1,0,0,0,4,0,1,11,0,0.5,0,1,1
Sean Mannion,LAR,QB,24,1,0,0,0,19,0,6,-1,0,1,0,0,-1.3,1,1,0
Tyler Ervin,HOU,RB,23,12,0,5,3,0,0,0,3,0,1,18,0,1.1,0,3,2
Brett Hundley,GNB,QB,23,4,0,0,0,17,0,10,-2,0,3,0,0,-1.5,1,1,0
Keshawn Martin,SFO,,26,1,0,0,0,0,0,0,0,0,0,0,0,-2.0,0,1,1
Kalif Raymond,DEN,,22,4,0,2,0,0,0,0,0,0,0,0,0,-2.0,0,2,1
Matthew Slater,NWE,WR,31,13,0,1,0,0,0,0,5,0,1,0,0,-1.5,0,2,1
